{"metadata": {"num_samples": 100, "n_trials": 1, "subsampling_strategy": "voronoi", "weighting_strategy": "voronoi", "dim_range": [1, 2, 3]}, "data": {"1": {}, "2": {"1": {"0": {"true_distance": 0.48232582211494446, "pot_estimate": 0.48392879314163856, "ott_estimate_reg0.01": 0.4876699183705945}}}, "3": {"1": {"0": {"true_distance": 0.5257236957550049, "pot_estimate": 0.524775743060618, "ott_estimate_reg0.01": 0.5301439548553135}}, "2": {"0": {"true_distance": 0.4005812704563141, "pot_estimate": 0.41736272157931376, "ott_estimate_reg0.01": 0.42130971058211275}}}}}