{"metadata": {"sphere_dimension_1": 4, "sphere_dimension_2": 1, "n_trials": 2, "subsampling_strategy": "random", "weighting_strategy": "voronoi"}, "data": {"20": {"0": {"true_distance": 0.5450488924980164, "pot_estimate": 0.5108528863918012, "ott_estimate_reg0.01": 0.47037234517452353}, "1": {"true_distance": 0.5450488924980164, "pot_estimate": 0.5482140484771125, "ott_estimate_reg0.01": 0.5339605972309782}}}}