{"metadata": {"sphere_dimension_1": 4, "sphere_dimension_2": 1, "n_trials": 2, "subsampling_strategy": "random", "weighting_strategy": "uniform"}, "data": {"20": {"0": {"true_distance": 0.5450488924980164, "pot_estimate": 0.447298671896999, "ott_estimate_reg0.01": 0.4516532011284813}, "1": {"true_distance": 0.5450488924980164, "pot_estimate": 0.5016869809471652, "ott_estimate_reg0.01": 0.5057662768088268}}}}