{"metadata": {"num_samples": 100, "n_trials": 1, "subsampling_strategy": "voronoi", "weighting_strategy": "uniform", "dim_range": [1, 2, 3]}, "data": {"1": {}, "2": {"1": {"0": {"true_distance": 0.48232582211494446, "pot_estimate": 0.47682113486965827, "ott_estimate_reg0.01": 0.4820787107431874}}}, "3": {"1": {"0": {"true_distance": 0.5257236957550049, "pot_estimate": 0.5253808566243655, "ott_estimate_reg0.01": 0.5305342708839079}}, "2": {"0": {"true_distance": 0.4005812704563141, "pot_estimate": 0.41160471048335406, "ott_estimate_reg0.01": 0.4204412155266088}}}}}