{"metadata": {"sphere_dimension_1": 4, "sphere_dimension_2": 1, "n_trials": 2, "subsampling_strategy": "fps", "weighting_strategy": "uniform"}, "data": {"20": {"0": {"true_distance": 0.5450488924980164, "pot_estimate": 0.5236751304995069, "ott_estimate_reg0.01": 0.5102090915851857}, "1": {"true_distance": 0.5450488924980164, "pot_estimate": 0.5408465097274523, "ott_estimate_reg0.01": 0.5287315578007046}}}}