{"metadata": {"num_samples": 100, "n_trials": 1, "subsampling_strategy": "random", "weighting_strategy": "uniform", "dim_range": [1, 2, 3]}, "data": {"1": {}, "2": {"1": {"0": {"true_distance": 0.48232582211494446, "pot_estimate": 0.4471897839406943, "ott_estimate_reg0.01": 0.4536167046538354}}}, "3": {"1": {"0": {"true_distance": 0.5257236957550049, "pot_estimate": 0.5083358081474122, "ott_estimate_reg0.01": 0.5105846019514788}}, "2": {"0": {"true_distance": 0.4005812704563141, "pot_estimate": 0.41438334015613815, "ott_estimate_reg0.01": 0.41534824655150915}}}}}