{"metadata": {"sphere_dimension_1": 4, "sphere_dimension_2": 1, "n_trials": 2, "subsampling_strategy": "fps", "weighting_strategy": "voronoi"}, "data": {"20": {"0": {"true_distance": 0.5450488924980164, "pot_estimate": 0.5219760365961599, "ott_estimate_reg0.01": 0.5341924699011755}, "1": {"true_distance": 0.5450488924980164, "pot_estimate": 0.5430726149778624, "ott_estimate_reg0.01": 0.5305062530890512}}}}