{"metadata": {"num_samples": 100, "n_trials": 1, "subsampling_strategy": "random", "weighting_strategy": "voronoi", "dim_range": [1, 2, 3]}, "data": {"1": {}, "2": {"1": {"0": {"true_distance": 0.48232582211494446, "pot_estimate": 0.4851840319959624, "ott_estimate_reg0.01": 0.49647720508148013}}}, "3": {"1": {"0": {"true_distance": 0.5257236957550049, "pot_estimate": 0.5223287840527996, "ott_estimate_reg0.01": 0.5189043352498267}}, "2": {"0": {"true_distance": 0.4005812704563141, "pot_estimate": 0.41842680423502887, "ott_estimate_reg0.01": 0.421138169265395}}}}}