{"metadata": {"num_samples": 100, "n_trials": 10, "subsampling_strategy": "random", "dim_range": [1, 2, 3, 4, 5]}, "data": {"1": {}, "2": {"1": {"0": {"true_distance": 0.48232612013816833, "pot_estimate": 0.46320568493953584, "ott_estimate_reg0.01": 0.45339295753799697}, "1": {"true_distance": 0.48232612013816833, "pot_estimate": 0.45033293057092816, "ott_estimate_reg0.01": 0.4544808504651152}, "2": {"true_distance": 0.48232612013816833, "pot_estimate": 0.462005182905358, "ott_estimate_reg0.01": 0.46570275481255496}, "3": {"true_distance": 0.48232612013816833, "pot_estimate": 0.4308545178911568, "ott_estimate_reg0.01": 0.4393294239022192}, "4": {"true_distance": 0.48232612013816833, "pot_estimate": 0.4742115298855658, "ott_estimate_reg0.01": 0.47934707755121325}, "5": {"true_distance": 0.48232612013816833, "pot_estimate": 0.436538755488178, "ott_estimate_reg0.01": 0.44194021690109275}, "6": {"true_distance": 0.48232612013816833, "pot_estimate": 0.4462344629996456, "ott_estimate_reg0.01": 0.44872678743556377}, "7": {"true_distance": 0.48232612013816833, "pot_estimate": 0.4629335245953995, "ott_estimate_reg0.01": 0.4714307993487882}, "8": {"true_distance": 0.48232612013816833, "pot_estimate": 0.4921540877804121, "ott_estimate_reg0.01": 0.4912143861987875}, "9": {"true_distance": 0.48232612013816833, "pot_estimate": 0.4577704101119137, "ott_estimate_reg0.01": 0.4774715906701504}}}, "3": {"1": {"0": {"true_distance": 0.5257237553596497, "pot_estimate": 0.5079226771213279, "ott_estimate_reg0.01": 0.515767728039812}, "1": {"true_distance": 0.5257237553596497, "pot_estimate": 0.5106308529085551, "ott_estimate_reg0.01": 0.506901075304679}, "2": {"true_distance": 0.5257237553596497, "pot_estimate": 0.4969890195875601, "ott_estimate_reg0.01": 0.5005894748555691}, "3": {"true_distance": 0.5257237553596497, "pot_estimate": 0.5104808239238867, "ott_estimate_reg0.01": 0.5158367746180998}, "4": {"true_distance": 0.5257237553596497, "pot_estimate": 0.4978668291117864, "ott_estimate_reg0.01": 0.5187672631933972}, "5": {"true_distance": 0.5257237553596497, "pot_estimate": 0.49112407364731786, "ott_estimate_reg0.01": 0.49426363706498244}, "6": {"true_distance": 0.5257237553596497, "pot_estimate": 0.5034558183300507, "ott_estimate_reg0.01": 0.505304398763086}, "7": {"true_distance": 0.5257237553596497, "pot_estimate": 0.5271665805646846, "ott_estimate_reg0.01": 0.5109149900008233}, "8": {"true_distance": 0.5257237553596497, "pot_estimate": 0.5069530870019306, "ott_estimate_reg0.01": 0.5132961948199526}, "9": {"true_distance": 0.5257237553596497, "pot_estimate": 0.47907811134564887, "ott_estimate_reg0.01": 0.48126266192917294}}, "2": {"0": {"true_distance": 0.4005810618400574, "pot_estimate": 0.43675102585331976, "ott_estimate_reg0.01": 0.4158295874411936}, "1": {"true_distance": 0.4005810618400574, "pot_estimate": 0.41457346773981935, "ott_estimate_reg0.01": 0.4203471704632024}, "2": {"true_distance": 0.4005810618400574, "pot_estimate": 0.3993974137886563, "ott_estimate_reg0.01": 0.3993837345028871}, "3": {"true_distance": 0.4005810618400574, "pot_estimate": 0.41813373699876166, "ott_estimate_reg0.01": 0.4191353264873402}, "4": {"true_distance": 0.4005810618400574, "pot_estimate": 0.41143221679994263, "ott_estimate_reg0.01": 0.41025475863553484}, "5": {"true_distance": 0.4005810618400574, "pot_estimate": 0.4126854160448109, "ott_estimate_reg0.01": 0.4115280967333788}, "6": {"true_distance": 0.4005810618400574, "pot_estimate": 0.41061150525625095, "ott_estimate_reg0.01": 0.41686593585846615}, "7": {"true_distance": 0.4005810618400574, "pot_estimate": 0.4027384184761016, "ott_estimate_reg0.01": 0.41692058945598115}, "8": {"true_distance": 0.4005810618400574, "pot_estimate": 0.41048929838248277, "ott_estimate_reg0.01": 0.41183058040012616}, "9": {"true_distance": 0.4005810618400574, "pot_estimate": 0.4123466404684924, "ott_estimate_reg0.01": 0.4019643513029104}}}, "4": {"1": {"0": {"true_distance": 0.5450488328933716, "pot_estimate": 0.5301388669953669, "ott_estimate_reg0.01": 0.5300470946910151}, "1": {"true_distance": 0.5450488328933716, "pot_estimate": 0.5054529905476578, "ott_estimate_reg0.01": 0.5068205425822591}, "2": {"true_distance": 0.5450488328933716, "pot_estimate": 0.5140076593441857, "ott_estimate_reg0.01": 0.5201080111628511}, "3": {"true_distance": 0.5450488328933716, "pot_estimate": 0.5079088947345676, "ott_estimate_reg0.01": 0.5083407701729847}, "4": {"true_distance": 0.5450488328933716, "pot_estimate": 0.5261836047197985, "ott_estimate_reg0.01": 0.5272298326976445}, "5": {"true_distance": 0.5450488328933716, "pot_estimate": 0.4955599436651958, "ott_estimate_reg0.01": 0.49872275627432866}, "6": {"true_distance": 0.5450488328933716, "pot_estimate": 0.5271609960315515, "ott_estimate_reg0.01": 0.529657179048935}, "7": {"true_distance": 0.5450488328933716, "pot_estimate": 0.5176951381958199, "ott_estimate_reg0.01": 0.5208558598666421}, "8": {"true_distance": 0.5450488328933716, "pot_estimate": 0.506349101940716, "ott_estimate_reg0.01": 0.5094250731073188}, "9": {"true_distance": 0.5450488328933716, "pot_estimate": 0.524166732613347, "ott_estimate_reg0.01": 0.5259145900601309}}, "2": {"0": {"true_distance": 0.4460446834564209, "pot_estimate": 0.4417668992870859, "ott_estimate_reg0.01": 0.4440044004978529}, "1": {"true_distance": 0.4460446834564209, "pot_estimate": 0.42407641587682604, "ott_estimate_reg0.01": 0.42299517999838954}, "2": {"true_distance": 0.4460446834564209, "pot_estimate": 0.43543383243868583, "ott_estimate_reg0.01": 0.43445678550173894}, "3": {"true_distance": 0.4460446834564209, "pot_estimate": 0.4250731405645806, "ott_estimate_reg0.01": 0.42287747945618714}, "4": {"true_distance": 0.4460446834564209, "pot_estimate": 0.4456778844164015, "ott_estimate_reg0.01": 0.44297269604932576}, "5": {"true_distance": 0.4460446834564209, "pot_estimate": 0.42243823515063644, "ott_estimate_reg0.01": 0.42570712440767394}, "6": {"true_distance": 0.4460446834564209, "pot_estimate": 0.4419065398077713, "ott_estimate_reg0.01": 0.44976612688135775}, "7": {"true_distance": 0.4460446834564209, "pot_estimate": 0.4355915805571371, "ott_estimate_reg0.01": 0.4351410680381115}, "8": {"true_distance": 0.4460446834564209, "pot_estimate": 0.4193857580753223, "ott_estimate_reg0.01": 0.4246416326815717}, "9": {"true_distance": 0.4460446834564209, "pot_estimate": 0.44082049693078573, "ott_estimate_reg0.01": 0.4361309170028102}}, "3": {"0": {"true_distance": 0.3494511842727661, "pot_estimate": 0.39692331359047034, "ott_estimate_reg0.01": 0.39978758136783815}, "1": {"true_distance": 0.3494511842727661, "pot_estimate": 0.3962472705388015, "ott_estimate_reg0.01": 0.3907405268645018}, "2": {"true_distance": 0.3494511842727661, "pot_estimate": 0.4168569869120359, "ott_estimate_reg0.01": 0.4012547931707454}, "3": {"true_distance": 0.3494511842727661, "pot_estimate": 0.4074101074020574, "ott_estimate_reg0.01": 0.39088346211459474}, "4": {"true_distance": 0.3494511842727661, "pot_estimate": 0.406088535107779, "ott_estimate_reg0.01": 0.4012417245890926}, "5": {"true_distance": 0.3494511842727661, "pot_estimate": 0.40206252828089606, "ott_estimate_reg0.01": 0.38708642588514214}, "6": {"true_distance": 0.3494511842727661, "pot_estimate": 0.39663761896770117, "ott_estimate_reg0.01": 0.3965232765619161}, "7": {"true_distance": 0.3494511842727661, "pot_estimate": 0.39361228191166514, "ott_estimate_reg0.01": 0.3987266253375063}, "8": {"true_distance": 0.3494511842727661, "pot_estimate": 0.40196926495381236, "ott_estimate_reg0.01": 0.37850330275057786}, "9": {"true_distance": 0.3494511842727661, "pot_estimate": 0.4020863490852076, "ott_estimate_reg0.01": 0.399596101630714}}}, "5": {"1": {"0": {"true_distance": 0.5559861660003662, "pot_estimate": 0.5405015746593057, "ott_estimate_reg0.01": 0.5289642306563448}, "1": {"true_distance": 0.5559861660003662, "pot_estimate": 0.531170326835642, "ott_estimate_reg0.01": 0.5344962568644767}, "2": {"true_distance": 0.5559861660003662,