{"metadata": {"num_samples": 100, "n_trials": 1, "subsampling_strategy": "random"}, "data": {"1": {}, "2": {"1": {"0": {"true_distance": 0.48232612013816833, "pot_estimate": 0.46320568493953584, "ott_estimate_reg0.01": 0.45339295753799697}}}, "3": {"1": {"0": {"true_distance": 0.5257237553596497, "pot_estimate": 0.5079226771213279, "ott_estimate_reg0.01": 0.515767728039812}}, "2": {"0": {"true_distance": 0.4005810618400574, "pot_estimate": 0.43675102585331976, "ott_estimate_reg0.01": 0.4158295874411936}}}, "4": {"1": {"0": {"true_distance": 0.5450488328933716, "pot_estimate": 0.5301388669953669, "ott_estimate_reg0.01": 0.5300470946910151}}, "2": {"0": {"true_distance": 0.4460446834564209, "pot_estimate": 0.4417668992870859, "ott_estimate_reg0.01": 0.4440044004978529}}, "3": {"0": {"true_distance": 0.3494511842727661, "pot_estimate": 0.39692331359047034, "ott_estimate_reg0.01": 0.39978758136783815}}}}}