{"metadata": {"sphere_dimension_1": 8, "sphere_dimension_2": 6, "n_trials": 5, "subsampling_strategy": "random"}, "data": {"10": {"0": {"true_distance": 0.3063197731971741, "pot_estimate": 0.43759964577058763, "ott_estimate_reg0.01": 0.41693883681149835}, "1": {"true_distance": 0.3063197731971741, "pot_estimate": 0.45688007306419576, "ott_estimate_reg0.01": 0.427713154917996}, "2": {"true_distance": 0.3063197731971741, "pot_estimate": 0.4036738095309245, "ott_estimate_reg0.01": 0.3940697051784531}, "3": {"true_distance": 0.3063197731971741, "pot_estimate": 0.4382208887119781, "ott_estimate_reg0.01": 0.39500536869659}, "4": {"true_distance": 0.3063197731971741, "pot_estimate": 0.45743244108074227, "ott_estimate_reg0.01": 0.4341411624106248}}, "20": {"0": {"true_distance": 0.3063197731971741, "pot_estimate": 0.43147423125631545, "ott_estimate_reg0.01": 0.41102705478058643}, "1": {"true_distance": 0.3063197731971741, "pot_estimate": 0.4427230919636489, "ott_estimate_reg0.01": 0.40115968701247706}, "2": {"true_distance": 0.3063197731971741, "pot_estimate": 0.4295098037957291, "ott_estimate_reg0.01": 0.40254463663861134}, "3": {"true_distance": 0.3063197731971741, "pot_estimate": 0.44659676859274516, "ott_estimate_reg0.01": 0.4311542286560017}, "4": {"true_distance": 0.3063197731971741, "pot_estimate": 0.41084319488320004, "ott_estimate_reg0.01": 0.40942865127887235}}, "30": {"0": {"true_distance": 0.3063197731971741, "pot_estimate": 0.42791502208249926, "ott_estimate_reg0.01": 0.41417620189175475}, "1": {"true_distance": 0.3063197731971741, "pot_estimate": 0.4186288109593663, "ott_estimate_reg0.01": 0.3964405386557377}, "2": {"true_distance": 0.3063197731971741, "pot_estimate": 0.40872270084889334, "ott_estimate_reg0.01": 0.4006343256540122}, "3": {"true_distance": 0.3063197731971741, "pot_estimate": 0.44572572411491945, "ott_estimate_reg0.01": 0.41310057689183344}, "4": {"true_distance": 0.3063197731971741, "pot_estimate": 0.4331367825350712, "ott_estimate_reg0.01": 0.4152442722511655}}, "40": {"0": {"true_distance": 0.3063197731971741, "pot_estimate": 0.42423538223315127, "ott_estimate_reg0.01": 0.41448817948592154}, "1": {"true_distance": 0.3063197731971741, "pot_estimate": 0.413361825710477, "ott_estimate_reg0.01": 0.40662722825460945}, "2": {"true_distance": 0.3063197731971741, "pot_estimate": 0.4190304919815024, "ott_estimate_reg0.01": 0.400409521147709}, "3": {"true_distance": 0.3063197731971741, "pot_estimate": 0.4220608060570897, "ott_estimate_reg0.01": 0.3928122787909325}, "4": {"true_distance": 0.3063197731971741, "pot_estimate": 0.40351375399983846, "ott_estimate_reg0.01": 0.40165583077357536}}, "50": {"0": {"true_distance": 0.3063197731971741, "pot_estimate": 0.4084309877602679, "ott_estimate_reg0.01": 0.39831248039449185}, "1": {"true_distance": 0.3063197731971741, "pot_estimate": 0.4135428784116747, "ott_estimate_reg0.01": 0.40659848242046454}, "2": {"true_distance": 0.3063197731971741, "pot_estimate": 0.40914733748305204, "ott_estimate_reg0.01": 0.3940641273624638}, "3": {"true_distance": 0.3063197731971741, "pot_estimate": 0.41262349115370434, "ott_estimate_reg0.01": 0.3975646960829167}, "4": {"true_distance": 0.3063197731971741, "pot_estimate": 0.41312896493300716, "ott_estimate_reg0.01": 0.40230472121545807}}, "60": {"0": {"true_distance": 0.3063197731971741, "pot_estimate": 0.40766690020761615, "ott_estimate_reg0.01": 0.40630071885582514}, "1": {"true_distance": 0.3063197731971741, "pot_estimate": 0.40559288987177256, "ott_estimate_reg0.01": 0.39371247535921305}, "2": {"true_distance": 0.3063197731971741, "pot_estimate": 0.4218514790328375, "ott_estimate_reg0.01": 0.40104193280412026}, "3": {"true_distance": 0.3063197731971741, "pot_estimate": 0.40001153083171415, "ott_estimate_reg0.01": 0.39078171816213586}, "4": {"true_distance": 0.3063197731971741, "pot_estimate": 0.41861848024654785, "ott_estimate_reg0.01": 0.40192785200983555}}, "70": {"0": {"true_distance": 0.3063197731971741, "pot_estimate": 0.4118559985449084, "ott_estimate_reg0.01": 0.3936909184384052}, "1": {"true_distance": 0.3063197731971741, "pot_estimate": 0.4120175801878034, "ott_estimate_reg0.01": 0.39668993990934465}, "2": {"true_distance": 0.3063197731971741, "pot_estimate": 0.40472966798084964, "ott_estimate_reg0.01": 0.39821253622046515}, "3": {"true_distance": 0.3063197731971741, "pot_estimate": 0.4048562281717174, "ott_estimate_reg0.01": 0.3984233570500785}, "4": {"true_distance": 0.3063197731971741, "pot_estimate": 0.41192235033588226, "ott_estimate_reg0.01": 0.3927086670639113}}, "80": {"0": {"true_distance": 0.3063197731971741, "pot_estimate": 0.3955833613388143, "ott_estimate_reg0.01": 0.39834361740831015}, "1": {"true_distance": 0.3063197731971741, "pot_estimate": 0.401799911510228, "ott_estimate_reg0.01": 0.39094198894037935}, "2": {"true_distance": 0.3063197731971741, "pot_estimate": 0.4096750707684607, "ott_estimate_reg0.01": 0.39966030893045473}, "3": {"true_distance": 0.3063197731971741, "pot_estimate": 0.4044379286370177, "ott_estimate_reg0.01": 0.3901996887001053}, "4": {"true_distance": 0.3063197731971741, "pot_estimate": 0.40301879325795176, "ott_estimate_reg0.01": 0.3902233653676332}}, "90": {"0": {"true_distance": 0.3063197731971741, "pot_estimate": 0.39741287984674356, "ott_estimate_reg0.01": 0.3976445570570089}, "1": {"true_distance": 0.3063197731971741, "pot_estimate": 0.40304801736400503, "ott_estimate_reg0.01": 0.395385546868336}, "2": {"true_distance": 0.3063197731971741, "pot_estimate": 0.402067582472639, "ott_estimate_reg0.01": 0.39550106304423677}, "3": {"true_distance": 0.3063197731971741, "pot_estimate": 0.4044094813000485, "ott_estimate_reg0.01": 0.3982044610317618}, "4": {"true_distance": 0.3063197731971741, "pot_estimate": 0.40259587137364466, "ott_estimate_reg0.01": 0.3994984691285763}}, "100": {"0": {"true_distance": 0.3063197731971741, "pot_estimate": 0.41005114435604006, "ott_estimate_reg0.01": 0.39413540361214655}, "1": {"true_distance": 0.3063197731971741, "pot_estimate": 0.3989913167425286, "ott_estimate_reg0.01": 0.39144932450532843}, "2": {"true_distance": 0.3063197731971741, "pot_estimate": 0.4018800370213654, "ott_estimate_reg0.01": 0.3911250390304631}, "3": {"true_distance": 0.3063197731971741, "pot_estimate": 0.40337884600465923, "ott_estimate_reg0.01": 0.39057633465642316}, "4": {"true_distance": 0.3063197731971741, "pot_estimate": 0.39775287614367705, "ott_estimate_reg0.01": 0.39131697941169635}}}}